Судлагдахууны нэр,Ангийн нэр,Нэгжийн нэр,№,Ээлжит хичээл,Ээлжит хичээлийн зорилго
Математик,6-р анги,"Бүхэл тооны дөрвөн үйлдэл, квадрат зэрэг, квадрат язгуур",L1,Бүхэл тооны жиших үйлдэл,"Амьдрал дахь асуудал дээр тулгуурлан бүхэл тооны эрэмбийг ойлгох, тоон шулуун дээрх бүхэл тооны геометр байрыг ойлгох, тоон шулуун ашиглан бүхэл тоог жишиж сурах"
Математик,6-р анги,"Бүхэл тооны дөрвөн үйлдэл, квадрат зэрэг, квадрат язгуур",L2,"Бүхэл тооны нэмэх, хасах үйлдэл","Тоон шулуун хэрэглэн (бусад сонирхолтой аргуудыг нэмэлтээр ашиглаж болно) бүхэл тоонуудыг нэмэх, хасах үйлдлийг ойлгож, үйлдэл хийж сурах, хэрэглэх"
Математик,6-р анги,"Бүхэл тооны дөрвөн үйлдэл, квадрат зэрэг, квадрат язгуур",L3,"Бодлого дасгал (Бүхэл тооны нэмэх, хасах үйлдэл)","Бүхэл тооны нэмэх, хасах үйлдэл оролцсон илэрхийллийн утгыг олох, асуудал шийдвэрлэх"
Математик,6-р анги,"Бүхэл тооны дөрвөн үйлдэл, квадрат зэрэг, квадрат язгуур",L4,"Бүхэл тооны үржих, хуваах үйлдэл","Тоон шулуун бусад сонирхолтой аргуудыг хэрэглэн бүхэл тооны үржүүлэх, хуваах үйлдлийг ойлгож, үйлдэл хийж сурах, үржих, хуваах үйлдлийн чанарыг ойлгох"
Математик,6-р анги,"Бүхэл тооны дөрвөн үйлдэл, квадрат зэрэг, квадрат язгуур",L5,"Бодлого дасгал (Бүхэл тооны үржих, хуваах үйлдэл)","Бүхэл тооны үржих, хуваах үйлдлийн чанарыг хэрэглэж бодлого бодох, асуудал шийдвэрлэх"
Математик,6-р анги,"Бүхэл тооны дөрвөн үйлдэл, квадрат зэрэг, квадрат язгуур",L6,"Бодлого дасгал (бүхэл тооны нэмэх, хасах,  үржих, хуваах үйлдлүүд)","Бүхэл тооны нэмэх, хасах, үржих, хуваах үйлдэл оролцсон илэрхийллийн утгыг олох, үйлдлийн чанар ашиглан хялбар аргаар илэрхийллийн утгыг олох, эерэг, сөрөг тоо оролцсон асуудал шийдвэрлэх"
Математик,6-р анги,"Бүхэл тооны дөрвөн үйлдэл, квадрат зэрэг, квадрат язгуур",L7,"Бүхэл тооны квадрат зэрэг, квадрат язгуур","Бүхэл тооны үржүүлэх үйлдэл дээр үндэслэн тоог квадрат зэрэгт дэвшүүлэх үйлдлийг ойлгож, -20-оос 20 -ын хоорондох бүхэл тооны квадрат зэргийг цээжлэх, тооноос квадрат язгуур гаргах үйлдлийг ойлгох, квадрат язгуур нь -20-оос 20-ын хүртэлх бүхэл тоо байх тоог цээжлэх, хэрэглэх"
Математик,6-р анги,"Бүхэл тооны дөрвөн үйлдэл, квадрат зэрэг, квадрат язгуур",L8,"бодлого дасгал (квадрат зэрэг, квадрат язгуур)","Тоог квадрат зэрэгт дэвшүүлэх, квадрат язгуур олох үйлдэл оролцсон илэрхийллийн утгыг олох, үйлдлийн чанар ашиглан хялбар аргаар тооцоолох, асуудал шийдвэрлэх"
Математик,6-р анги,"Бүхэл тооны дөрвөн үйлдэл, квадрат зэрэг, квадрат язгуур",L9,бодлого дасгал (бүхэл тооны үйлдлүүд),"Бүхэл тооны нэмэх, хасах, үржүүлэх, хуваах, квадрат зэрэг дэвшүүлэх, квадрат язгуур гаргах үйлдэл оролцсон илэрхийллийн утгыг үйлдлийн чанар ашиглан хялбар аргаар олох, асуудал шийдвэрлэх"
Математик,6-р анги,"Бүхэл тооны дөрвөн үйлдэл, квадрат зэрэг, квадрат язгуур",L10,"ҮНЭЛГЭЭ-Бүхэл тооны дөрвөн үйлдэл, квадрат зэрэг, квадрат язгуур","Сурагчид нэгж хичээлээр олж авсан мэдлэг, чадвараа үнэлэх"
Математик,6-р анги,"Тооны хуваагдах шинж, хэллэг, олонлог",L11,Тооны хуваагдах шинжүүд,"Өмнөх ангид судалсан тооны 2, 3, 4, 5, 10, 100 -д хуваагдах шинжүүдийг сэргээн бататгаад, шинээр тооны  6, 8, 9 -д хуваагдах шинжийг мэдэх, хэрэглэх "
Математик,6-р анги,"Тооны хуваагдах шинж, хэллэг, олонлог",L12,Тооны хуваагдах шинжийг хэрэглэх,Тооны хуваагдах шинжийг хэрэглэн төрөл бүрийн асуудал шийдвэрлэх
Математик,6-р анги,"Тооны хуваагдах шинж, хэллэг, олонлог",L13,Анхны тоо ба зохиомол тоо,"Өгсөн тооны бүх хуваагчдыг олох (хуваагдах шинж ашиглах, аалзны арга, лего тоглоомын арга зэрэг сонирхолтой арга ашиглах), улмаар анхны ба зохиомол тоог ялгаж таних "
Математик,6-р анги,"Тооны хуваагдах шинж, хэллэг, олонлог",L14,Бодлого дасгал (Тооны хуваагдах шинж),"Тооны хуваагдах шинжийг хэрэглэн1-ээс 100 хүртэлх анхны тоонуудыг  сонирхолтой аргуудаар олох, асуудал шийдвэрлэх"
Математик,6-р анги,"Тооны хуваагдах шинж, хэллэг, олонлог",L15,Ерөнхий хуваагч ба ХИЕХ,"Өгсөн (хоёр болон түүнээс дээш ширхэг) тоонуудын  ерөнхий хуваагч, ХИЕХ-ыг таних,, ХИЕХ олох хялбар аргыг мэдэх, хэрэглэх (нэг ба хоёр оронтой тоонуудын хувьд тоочин бичих аргаар олох)"
Математик,6-р анги,"Тооны хуваагдах шинж, хэллэг, олонлог",L16,Харилцан анхны тоонууд (ХИЕХ ашиглан асуудал шийдвэрлэх),"Харилцан анхны тоонуудыг таних, ХИЕХ-ийг  хялбар аргаар олох, ХИЕХ ашиглан асуудал шийдвэрлэх, хэрэглээг мэдэх"
Математик,6-р анги,"Тооны хуваагдах шинж, хэллэг, олонлог",L17,Ерөнхий хуваагдагч ба ХБЕХ,"Өгсөн (хоёр болон түүнээс дээш ширхэг) тоонуудын ерөнхий хуваагдагч, ХБЕХ-ыг таних, ойлгох, ХБЕХ олох аргыг мэдэх, хэрэглэх (нэг ба хоёр оронтой тоонуудын хувьд)"
Математик,6-р анги,"Тооны хуваагдах шинж, хэллэг, олонлог",L18,Бодлого дасгал (ХБЕХ ашиглан асуудал шийдвэрлэх),"ХБЕХ-ийг хялбар аргаар алдаагүй олох, ХБЕХ ашиглан асуудал шийдвэрлэх сонирхолтой бодлогууд бодож, хэрэглээг мэдэх"
Математик,6-р анги,"Тооны хуваагдах шинж, хэллэг, олонлог",L19,Хэллэг,"Амьдрал дахь жишээгээр  дамжуулан Математик хэллэг үүсгэхэд хэрэглэгддэг ""дор хаяж"", ""аль ч"", ""хамгийн цөөндөө"", ""яг"", ""ядаж"", ""хамгийн багадаа"", ""хамгийн ихдээ"", ""хамгийн олондоо"", ""дурын"" гэх мэт үгсийн утгыг  ойлгох, амьдрал дахь болон онолын хэрэглээг таних, ашиглаж сурах"
Математик,6-р анги,"Тооны хуваагдах шинж, хэллэг, олонлог",L20,Олонлог,"Өмнөх ангиудад үзсэн олонлогийг Эйлер-Веннийн диаграммаар дүрслэх чадвар дээр тулгуурлан олонлогуудын нэгдэл, огтлолцлыг олох, олонлогтой холбоотой математик тэмдэг, тэмдэглэгээ, хэллэгүүд, тэр дундаа оршин байх, дурын гэсэн кванторуудыг шинээр мэдэж, ашиглах чадвартай болох"
Математик,6-р анги,"Тооны хуваагдах шинж, хэллэг, олонлог",L21,"Бодлого дасгал (Олонлог, хэллэг)","Тоон олонлогийн талаар ойлголттой болох, натурал, бүхэл тоон олонлогийг ялгаж таних, математик тэмдэглэгээг мэдэх, хэрэглэх, асуудал шийдвэрлэх сонирхолтой жишээ дасгал ажиллаж математик хэлд суралцах, асуудлыг математик загварт оруулж шийдвэрлэх чадвараа хөгжүүлэх"
Математик,6-р анги,"Тооны хуваагдах шинж, хэллэг, олонлог",L22,"ҮНЭЛГЭЭ-Тооны хуваагдах шинж, хэллэг, олонлог","Сурагчид нэгж хичээлээр олж авсан мэдлэг, чадвараа үнэлэх"
Математик,6-р анги,"Аравтын бутархайг жиших, тоймлох",L23,Аравтын бутархай,"Тооны орон ангийн хүснэгт ашиглан тооны бичлэг дэх цифрийн утгыг ойлгох, тайлбарлах"
Математик,6-р анги,"Аравтын бутархайг жиших, тоймлох",L24,"Тоог 0.1, 0.01, 0.001-ээр үржүүлэх, хуваах үйлдэл","Тоог 10, 100, 1000-аар үржүүлж, хуваах үйлдлийг сэргээн бататгаж, тоог 0.1, 0.01, 0.001-ээр үржүүлэх, хуваах үйлдлийн үр дүнд тооны цифрийн орон хэрхэн шилжиж байгааг ажиглаж мэдэх, ойлгох, хэрэглэж асуудал шийдвэрлэх "
Математик,6-р анги,"Аравтын бутархайг жиших, тоймлох",L25,Аравтын бутархайг жиших ,"Аравтын бутархайг жиших дүрмийг сэргээн бататгаж, ойлгох, урт, хүнд, хугацааны  хэмжээг ижил нэгжид шилжүүлж асуудал шийдвэрлэхэд хэрэглэх"
Математик,6-р анги,"Аравтын бутархайг жиших, тоймлох",L26,"Бодлого дасгал (Аравтын бутархайг жиших, тоймлох)","Аравтын бутархайг жиших, тоймлох, 0.1, 0.01, 0.001 -ээр үржүүлэх, хуваах үйлдэл оролцсон асуудал шийдвэрлэх"
Математик,6-р анги,"Аравтын бутархайг жиших, тоймлох",L27,Бүхэл тоог тоймлох ,"Өмнөх ангид судалсан олон оронтой тоог 10, 100, 1000, 10000- аар тоймлох аргыг сэргээн санаж, амьдрал дахь асуудал шийдвэрлэх"
Математик,6-р анги,"Аравтын бутархайг жиших, тоймлох",L28,Аравтын бутархайг тоймлох,"Өмнөх ангид судалсан аравтын  бутархайг  (бүхлээр болон аравны, зууны, мянганы хэсгээр) тоймлох, амьдрал дахь асуудал шийдвэрлэхэд хэрэглэх"
Математик,6-р анги,"Аравтын бутархайг жиших, тоймлох",L29,Тоог тоймлох,"Өмнөх хичээлүүдээр судалсан олон оронтой тоо  болон аравтын бутархайг тоймлох талаар ойлголтоо сэргээн бататгаад,  төрөл бүрийн хялбар асуудал шийдвэрлэх"
Математик,6-р анги,"Аравтын бутархайг жиших, тоймлох",L30,"ҮНЭЛГЭЭ-Аравтын бутархайг жиших, тоймлох","Сурагчид нэгж хичээлээр олж авсан мэдлэг, чадвараа үнэлэх"
Математик,6-р анги,Аравтын бутархайн 4 үйлдэл,L31,"Аравтын бутархайн нэмэх, хасах үйлдэл","Амьдралд өдөр тутам тохиолддог асуудлыг шийдвэрлэх явцдаа бутархай хэсгийн орон нь ижил болон ялгаатай аравтын бутархайнуудыг нэмэх, хасах чадварыг бататгаж, тооцооллыг алдаагүй, хурдан гүйцэтгэх чадвар эзэмших "
Математик,6-р анги,Аравтын бутархайн 4 үйлдэл,L32,"Аравтын бутархайн нэмэх, хасах үйлдэл оролцсон илэрхийлэл","Аравтын бутархайн нэмэх, хасах үйлдэл агуулсан илэрхийллийн утгыг олох явцдаа үйлдлийг алдаагүй зөв хийж сурах, бүлэглэх, үйлдлийн дарааллыг тогтоох зэргээр нэмэх, хасах үйлдлийн чанар, хялбар арга ашиглан тооцоолол хийх аргад суралцах"
Математик,6-р анги,Аравтын бутархайн 4 үйлдэл,L33,"Аравтын бутархайг бүхэл тоогоор үржүүлэх, хуваах үйлдэл","Амьдралд өдөр тутам тохиолддог тооцооллын асуудлуудыг шийдвэрлэх явцдаа аравтын бутархайг нэг ба хоёр оронтой бүхэл тоогоор үржүүлэх, мөн ийм тоонд хуваах арга (дүрэм)-ыг сэргээн бататгах, тоог  0.1, 0.01, 0.001-ээр үржүүлэх, хуваах үйлдлийн чанар  ашиглан бататгах, үнэмших, ойлгох"
Математик,6-р анги,Аравтын бутархайн 4 үйлдэл,L34,"Аравтын бутархайг аравтын бутархайгаар үржүүлэх, хуваах үйлдэл","Аравтын бутархайг бүхэл тоогоор үржүүлэх, хуваах үйлдэл дээр тулгуурлан аравтын бутархайг аравтын бутархайгаар үржүүлэх, хуваах дүрмийг сэргээн бататгах, хэрэглэх"
Математик,6-р анги,Аравтын бутархайн 4 үйлдэл,L35,"Бодлого дасгал (аравтын бутархайн үржих, хуваах үйлдэл)","Аравтын бутархайн үржүүлэх, хуваах үйлдэл оролцсон илэрхийллийн утгыг олох, үйлдлийн чанар ашиглан хялбар аргаар тооцоолох"
Математик,6-р анги,Аравтын бутархайн 4 үйлдэл,L36,Аравтын бутархайн үйлдэл ашиглан асуудал шийдвэрлэх,"Аравтын бутархайн нэмэх, хасах, үржүүлэх, хуваах үйлдэл ашиглан сонирхолтой асуудлуудыг сонгон авч, хялбар шийдвэрлэх аргад суралцах, үйлдлийг хурдан, алдаагүй гүйцэтгэх"
Математик,6-р анги,Аравтын бутархайн 4 үйлдэл,L37,Илэрхийллийн утгыг олох,"Өмнөх ангид судалсан тоон илэрхийллийн утгыг олоход баримтлах үйлдлийн дарааллыг сэргээж, аравтын бутархай оролцсон илэрхийллийн утгыг алдаагүй, зөв олох, гарсан үр дүнг урвуу үйлдлээр шалгах"
Математик,6-р анги,Аравтын бутархайн 4 үйлдэл,L38, Илэрхийллийн утгыг олох хялбар аргууд,"Амьдралд өдөр тутам тохиолддог, эсвэл танин мэдэхүйн сонирхолтой асуудлыг шийдвэрлэх явцдаа илэрхийллийг хялбарчлах олон янзын аргад суралцах, хамгийн тохиромжтой аргыг сонгож илэрхийллийг хялбарчлах"
Математик,6-р анги,Аравтын бутархайн 4 үйлдэл,L39,ҮНЭЛГЭЭ-Аравтын бутархайн 4 үйлдэл,"Сурагчид нэгж хичээлээр олж авсан мэдлэг, чадвараа үнэлэх"
Математик,6-р анги,"Энгийн бутархайг хураах, жиших",L40,Энгийн бутархайн хэлбэрүүд,"Засагдах бутархайг холимог бутархайд, холимог бутархайг засагдах бутархайд шилжүүлэх аргыг сэргээн бататгаж, өөр хэлбэрт бичигдсэн ч хоорондоо тэнцүү болохыг ойлгох, алдаагүй, хурдан, хялбар аргаар (цээжээр) харилцан шилжүүлэх чадвартай болох"
Математик,6-р анги,"Энгийн бутархайг хураах, жиших",L41,Энгийн бутархайг хураах үйлдэл,"Бутархайн үндсэн чанарыг сэргээн санаж бутархайг хураах, тэнцүү бутархайг таних  үйлдэл хэрэглэн асуудлыг шийдвэрлэх. "
Математик,6-р анги,"Энгийн бутархайг хураах, жиших",L42,"Энгийн бутархайг тоон шулуун дээр байршуулах аргаар жиших, эрэмбэлэх","Энгийн бутархайг тоон шулуун дээр зөв байршуулах, бутархайнуудыг тоон шулуун дээр байршуулах аргаар жиших, эрэмбэлэх, энгийн бутархайг эрэмбэлэхтэй холбоотой амьдрал практикийн асуудал шийдвэрлэх"
Математик,6-р анги,"Энгийн бутархайг хураах, жиших",L43,"Энгийн бутархайг ижил хуваарьтай болгох аргаар жиших, эрэмбэлэх","Энгийн бутархайнуудыг хуваариудын ХБЕХ-ийг олох замаар ижил хуваарьтай болгож жиших, эрэмбэлэх, энгийн бутархайг эрэмбэлэхтэй холбоотой асуудал шийдвэрлэх"
Математик,6-р анги,"Энгийн бутархайг хураах, жиших",L44,"Бутархайг жиших, эрэмбэлэх аргууд","Бутархайг жиших, эрэмбэлэхтэй холбоотой асуудал шийдэх явцдаа бутархайнуудыг хамгийн тохиромжтой аргаар, алдаагүй, хурдан эрэмбэлэх чадварт суралцах /Бутархайн үндсэн чанар ашиглан хүртвэр, эсвэл хуваарийг ижил болгох, зураг дүрслэл ашиглах гэх мэт аргуудыг ашиглаж болно/"
Математик,6-р анги,"Энгийн бутархайг хураах, жиших",L45,"ҮНЭЛГЭЭ-Энгийн бутархайг хураах, жиших","Сурагчид нэгж хичээлээр олж авсан мэдлэг, чадвараа үнэлэх"
Математик,6-р анги,Энгийн бутархайн үйлдлүүд,L46,"Ижил биш хуваарьтай энгийн бутархайнуудыг нэмэх, хасах үйлдэл","Амьдрал дахь асуудлыг шийдэх явцдаа ижил хуваарьтай бутархайнуудыг нэмэх, хасах аргыг сэргээн бататгаж, ижил биш хуваарьтай бутархайнуудыг ижил хуваарьтай болгох замаар нэмж, хасаж сурах"
Математик,6-р анги,Энгийн бутархайн үйлдлүүд,L47,"Холимог бутархайнуудыг нэмэх, хасах үйлдэл","Холимог бутархайн нэмэх, хасах үйлдлийг ойлгох, холимог бутархай нэмэх, хасах үйлдэл  оролцсон илэрхийллийн утгыг олох, асуудал шийдвэрлэх"
Математик,6-р анги,Энгийн бутархайн үйлдлүүд,L48,"Бодлого дасгал (Энгийн бутархайн нэмэх, хасах үйлдэл)","Амьдрал дахь болон математик асуудлыг шийдэх явцдаа холимог бутархай, бүхэл тоо, энгийн бутархай, аравтын бутархайн нэмэх, хасах үйлдэл бүхий илэрхийллийн утгыг олох, хялбар аргаар утгыг олох чадварт суралцах"
Математик,6-р анги,Энгийн бутархайн үйлдлүүд,L49,Энгийн бутархайн үржүүлэх үйлдэл,"Дүрсийг хуваах замаар энгийн бутархайн үржүүлэх үйлдлийг ойлгох, хэрэглэх"
Математик,6-р анги,Энгийн бутархайн үйлдлүүд,L50,Энгийн бутархайн хуваах үйлдэл,"Энгийн бутархайг бүхэл тоонд хуваах дүрмийг дүрсийг хэсгүүдэд хуваах замаар ойлгох,, мөн бүхэл тоог энгийн бутархайд хуваах, хуваах үйлдлийг урвуу үйлдлээр шалгах чадвар эзэмших  дүрмийг ойлгох, хэрэглэх"
Математик,6-р анги,Энгийн бутархайн үйлдлүүд,L51,"Бодлого дасгал (энгийн бутархайн үржих, хуваах үйлдэл)","Энгийн бутархайн үржүүлэх, хуваах үйлдэл агуулсан илэрхийллийн утгыг олох, хялбар аргаар тооцоолох"
Математик,6-р анги,Энгийн бутархайн үйлдлүүд,L52,Хэсгийн бодлого,"Өгсөн тооны хэсэгт ногдох тоог олох, хэсэгт ногдох тоогоор уг тоог олох, нэг тоо нь нөгөө тооны ямар хэсэг болохыг олохтой холбоотой амьдрал дахь асуудал шийдвэрлэх явцдаа хэсгийн бодлого бодох чадварт суралцах"
Математик,6-р анги,Энгийн бутархайн үйлдлүүд,L53,Бодлого дасгал (энгийн бутархайн дөрвөн үйлдэл)," Илэрхийллийн утгыг үйлдлийн чанар ашиглан хялбар аргаар олох, энгийн бутархайн үйлдлийг алдаагүй, хурдан хийх чадварт суралцах"
Математик,6-р анги,Энгийн бутархайн үйлдлүүд,L54,Бодлого дасгал (энгийн бутархайн оролцсон илэрхийлэл),"Энгийн бутархайн дөрвөн үйлдэл оролцсон илэрхийллийн утгыг олох, энгийн бутархайн үйлдлүүд хэрэглэн шийдэх амьдралын болон математик асуудлыг шийдвэрлэх чадвартай болох"
Математик,6-р анги,Энгийн бутархайн үйлдлүүд,L55,"ҮНЭЛГЭЭ-Энгийн бутархайг хураах, жиших","Сурагчид нэгж хичээлээр олж авсан мэдлэг, чадвараа үнэлэх"
Математик,6-р анги,Энгийн ба аравтын бутархайг харилцан шилжүүлэх,L56,Төгсгөлөг аравтын бутархайг энгийн бутархайгаар илэрхийлэх,"Төгсгөлөг аравтын бутархайг энгийн бутархайгаар илэрхийлэх, энгийн болон аравтын бутархай агуулсан илэрхийллийн утгыг олох, хялбар асуудал шийдвэрлэх"
Математик,6-р анги,Энгийн ба аравтын бутархайг харилцан шилжүүлэх,L57,Энгийн бутархайг аравтын бутархайд шилжүүлэх,"Энгийн бутархайг аравтын бутархайгаар илэрхийлэх, энгийн болон аравтын бутархай агуулсан илэрхийллийн утгыг олох, хялбар асуудал шийдвэрлэх"
Математик,6-р анги,Энгийн ба аравтын бутархайг харилцан шилжүүлэх,L58,Бодлого дасгал (Энгийн ба аравтын бутархайг харилцан шилжүүлэх),"Энгийн болон аравтын бутархай, бүхэл тоо агуулсан илэрхийллийн утгыг үйлдлийн чанар хэрэглэн хялбар аргаар олох, асуудал шийдвэрлэх"
Математик,6-р анги,Энгийн ба аравтын бутархайг харилцан шилжүүлэх,L59,ҮНЭЛГЭЭ-Энгийн ба аравтын бутархайг харилцан шилжүүлэх,"Сурагчид нэгж хичээлээр олж авсан мэдлэг, чадвараа үнэлэх"
Математик,6-р анги,Процент,L60,Процент,"Тоо, хэмжээний зууны нэг хэсэг нь 1 % гэдгийг сэргээн бататгаж, хялбар асуудал шийдэх явцдаа амьдрал дахь хэрэглээ, ач холбогдлыг ойлгож, дүрс, тоо, хэмжээний хэсгийг энгийн болон аравтын бутархай, процентоор илэрхийлэх"
Математик,6-р анги,Процент,L61,100 - аас их процент,"100-аас их процентыг ойлгох, хэрэглэх, энгийн ба аравтын бутархайгаар илэрхийлэх чадвартай болох"
Математик,6-р анги,Процент,L62,Процентыг тооцоолох,"Тоо, хэмжээний  өгсөн процентод ногдох тоог олох,  бага тоог их тооны хэсэг,  процентоор илэрхийлэх, хялбар асуудал шийдвэрлэх "
Математик,6-р анги,Процент,L63,Процентын хэрэглээ-Бодлого дасгал,"Хялбар процент ашиглан бусад процентуудыг олох аргад суралцах, процентын талаарх ойлголтоо хэрэглэж практик асуудал шийдвэрлэх"
Математик,6-р анги,Процент,L64,ҮНЭЛГЭЭ-Процент,"Сурагчид нэгж хичээлээр олж авсан мэдлэг, чадвараа үнэлэх"
Математик,6-р анги,"Харьцаа, пропорц, шууд пропорционал хамаарал",L65,Харьцаа,"Өгсөн тоо, хэмжээнүүдийн харьцааг олох, тэнцүү харьцааг таних асуудал шийдвэрлэх явцдаа харьцааны тухай ойлголтоо сэргээн бататгаж, ойлгох, харьцааг тэмдэглэх, уншиж ойлгох"
Математик,6-р анги,"Харьцаа, пропорц, шууд пропорционал хамаарал",L66,Тоо хэмжээг өгсөн харьцаатай хэсгүүдэд хуваах,"Тоо, хэмжээг өгсөн харьцаатай хоёр, гурав, дөрвөн (нийт хэсгийн тоонд хуваах замаар) хэсэгт хуваах, харьцааг процентоор илэрхийлэх, ойлгох, хялбар асуудал шийдвэрлэх"
Математик,6-р анги,"Харьцаа, пропорц, шууд пропорционал хамаарал",L67,Пропорцын үндсэн чанар,"Пропорцын тухай ойлголт,, пропорцын үндсэн чанарыг сэргээн бататгах, энгийн бутархайн чанар ашиглан батлах,  хэрэглэх, хялбар асуудал шийдвэрлэх"
Математик,6-р анги,"Харьцаа, пропорц, шууд пропорционал хамаарал",L68,Пропорцын үндсэн чанарын хэрэглээ,Пропорцын чанар ашиглан амьдралын болон математикийн хялбар асуудал шийдвэрлэх аргад суралцах
Математик,6-р анги,"Харьцаа, пропорц, шууд пропорционал хамаарал",L69,Шууд пропорционал хамаарал,"Амьдрал дахь аливаа хоёр хэмжигдэхүүний хамаарлыг судлах явцдаа шууд пропорционал хамаарлыг ойлгох, хамаарлын коэффицентыг олох"
Математик,6-р анги,"Харьцаа, пропорц, шууд пропорционал хамаарал",L70,Пропорционал хамаарлын хэрэглээ,"Шууд пропорционал хамаарлын амьдрал дахь жишээг математик загварт оруулж, шийдвэрлэх"
Математик,6-р анги,"Харьцаа, пропорц, шууд пропорционал хамаарал",L71,"ҮНЭЛГЭЭ-Харьцаа, пропорц, шууд пропорционал хамаарал","Сурагчид нэгж хичээлээр олж авсан мэдлэг, чадвараа үнэлэх"
Математик,6-р анги,"Алгебрын илэрхийлэл, тэгшитгэл",L72,Алгебрын шугаман илэрхийлэл,"Тодорхойгүй  тоог үсэг хэрэглэн бичиж алгебрын шугаман илэрхийлэл зохиох, уншиж ойлгох, адилтгал тэнцүү илэрхийллийг таних, шугаман илэрхийлэл зохиож асуудлыг математик загварт хөрвүүлэн хялбархан шийдэж болохыг ойлгох, хялбар асуудал шийдвэрлэх"
Математик,6-р анги,"Алгебрын илэрхийлэл, тэгшитгэл",L73,"Алгебрын шугаман илэрхийллийг хялбарчлах, илэрхийллийн утгыг олох","Алгебрын илэрхийлэл зохиож асуудал шийдэх явцдаа төсөөтэй гишүүдийг эмхтгэж илэрхийллийг хялбарчилж сурах, хувьсагчийн оронд тоо орлуулж илэрхийллийн утгыг олох, үр дүнг тайлбарлах, асуудлын шийдлийг олох"
Математик,6-р анги,"Алгебрын илэрхийлэл, тэгшитгэл",L74,Гишүүнчлэн үржүүлэх ба хаалтаас ерөнхий үржигдэхүүн гаргах,"Амьдрал дахь болон математикийн хялбар асуудлыг шийдвэрлэх явцдаа илэрхийллийг гишүүнчлэн үржүүлэх болон түүний урвуу үйлдэл болох ерөнхий үржигдэхүүн хаалтаас гаргах (коэффициентүүдийн ХИЕХ-ийг олох замаар) үйлдлүүдийг ойлгох, илэрхийллийг хялбарчлах, утгыг олох"
Математик,6-р анги,"Алгебрын илэрхийлэл, тэгшитгэл",L75,"Бодлого дасгал (Алгебрын илэрхийллийг хялбарчлах, утгыг нь олох)","Алгебрын илэрхийллийг хувиргах, хялбарчлах, илэрхийллийн утгыг олох сонирхолтой бодлогууд бодож математик арга, техник эзэмших"
Математик,6-р анги,"Алгебрын илэрхийлэл, тэгшитгэл",L76,Алгебрын илэрхийллийн хэрэглээ ,"Алгебрын илэрхийлэл зохиож, илэрхийллийг хувиргах, хялбарчлах (илэрхийллийг ямар нэг тоогоор гишүүнчлэн үржүүлэх, ерөнхий үржигдэхүүн хаалтаас гаргах, төсөөтэй гишүүдийг эмхтгэж илэрхийллийг хялбарчлах ) замаар аливаа асуудлыг математик загварт оруулж шийдвэрлэх чадварт суралцах"
Математик,6-р анги,"Алгебрын илэрхийлэл, тэгшитгэл",L77,Шугаман тэгшитгэл ,"Тэнцэтгэлийн чанарыг ойлгож, бүхэл коэффициенттой хялбар шугаман тэгшитгэл бодох, гарсан хариугаа эхний тэгшитгэлд орлуулан илэрхийллийн утгыг олох замаар тэгшитгэлийн шийдийг шалгах, математик хэллэг, тэмдэглэгээг ойлгох, хэрэглэх"
Математик,6-р анги,"Алгебрын илэрхийлэл, тэгшитгэл",L78,Хялбар шугаман тэгшитгэл,"Алгебрын илэрхийлэл хялбарчлах чадвараа ашиглан шугаман тэгшитгэлийг алдаагүй, хялбар аргаар бодож сурах"
Математик,6-р анги,"Алгебрын илэрхийлэл, тэгшитгэл",L79,Бодлого дасгал (Шугаман тэгшитгэл),Хялбар шугаман тэгшитгэл зохиож бодогдох өгүүлбэртэй бодлогууд бодож асуудал шийдвэрлэх арга барилд суралцах 
Математик,6-р анги,"Алгебрын илэрхийлэл, тэгшитгэл",L80,"ҮНЭЛГЭЭ-Алгебрын илэрхийлэл, тэгшитгэл","Сурагчид нэгж хичээлээр олж авсан мэдлэг, чадвараа үнэлэх"
Математик,6-р анги,Дараалал,L81,Дүрсэн дараалал,"Байгаль дахь болон өдөр тутмын амьдралд тохиолддог сонирхолтой зүй тогтлуудыг ажиглан дүрсэн дараалал болгон загварчлах, хялбар дүрсэн дарааллын  зүй тогтлыг олох, үргэлжлүүлэх,  өгсөн дарааллын зүй тогтлыг ашиглан ямар нэг дугаартай (n-р гишүүн) гишүүнийг олох, хялбар асуудал шийдэх (хээ үүсгэх, хээний зүй тогтлыг олох, ... гэх мэт)"
Математик,6-р анги,Дараалал,L82,Тоон дараалал,"Дараалал (дүрсэн)-ын суурь ойлголт дээрээ тулгуурлан тоон дарааллын гишүүн, дугаар, зүй тогтол (дүрэм)-ийг ойлгох,  бүхэл тоон дарааллын зүй тогтлыг олж,   үргэлжлүүлэх,  өгсөн дүрмээр болон дүрэм зохиож тоон дараалал байгуулах, байгаль дахь болон өдөр тутмын амьдралд тохиолддог сонирхолтой зүй тогтлуудыг тоон дараалал болгон загварчлах, "
Математик,6-р анги,Дараалал,L83,Дарааллын амьдрал дахь хэрэглээ,"Байгаль дахь болон өдөр тутмын амьдралд тохиолддог сонирхолтой зүй тогтлуудыг тоон болон дүрсэн дараалал болгон загварчлах, төрөл бүрийн сонирхолтой зүй тогтол бүхий дараалал зохиох, дарааллын зүй тогтлыг олж үргэлжлүүлэх математик дасгал ажиллаж дараалал, түүний олон хэлбэрийг ойлгох, асуудал шийдвэрлэх чадвараа хөгжүүлэх"
Математик,6-р анги,Дараалал,L84,ҮНЭЛГЭЭ-Дараалал,"Сурагчид нэгж хичээлээр олж авсан мэдлэг, чадвараа үнэлэх"
Математик,6-р анги,"Функцэн машин, тэгш өнцөгт координатын хавтгай",L85,Функц,"Оролт, гаралтын схем, хүснэгт  хэрэглэн функцийг ойлгох, функцийн дүрмийг тодорхойлж, тайлбарлаж чаддаг болох, шинэ функц зохиох, тайлбарлах "
Математик,6-р анги,"Функцэн машин, тэгш өнцөгт координатын хавтгай",L86,Шугаман функцийн харгалзааны дүрэм,"Шугаман функцийн үйлдлийг (дүрмийг) схемээр дүрсэлж үгээр  тайлбарлах, харгалзааны дүрмийг  оролт, гаралтын хүснэгт ашиглан тодорхойлох, ойлгох, функцийн оролтын утга, дүрэм, гаралтын утгуудын аль нэг нь мэдэгдэхгүй үед нөгөө хоёр утгаар нь олох чадвартай болно"
Математик,6-р анги,"Функцэн машин, тэгш өнцөгт координатын хавтгай",L87,Тэгш өнцөгт координатын хавтгай,"Юмсын байршил, хөдөлгөөнийг тодорхойлоход координатын хавтгайг ашиглан загварчилдаг болохыг ойлгох, координатын хавтгайн бүх мужид цэгийн координатыг олох, өгсөн координаттай цэгийг зөв байгуулж, уншиж бичиж сурах"
Математик,6-р анги,"Функцэн машин, тэгш өнцөгт координатын хавтгай",L88,Шууд пропорционал хамаарлын график,"Амьдралд тохиолддог шууд пропорционал хамаарлыг  ТӨКС-д (I мөчид) графикаар дүрслэн харуулах замаар шууд пропорционал хамаарлын график нь шулуун шугам байдгийг мэдэх, шууд пропорционал хамаарлын графикийг уншиж, зарим утгуудыг график хэрэглэн олох, тайлбарлах, асуултад хариулах,"
Математик,6-р анги,"Функцэн машин, тэгш өнцөгт координатын хавтгай",L89,бодлого дасгал (Шууд пропорционал хамаарал),"Шууд пропорционал хамаарлын амьдрал дахь жишээг математик загварт оруулан график (I мөчид) байгуулж шийдвэрлэх, өгсөн графикаас хамаарлын талаар дүгнэлт гаргах, тайлбарлах"
Математик,6-р анги,"Функцэн машин, тэгш өнцөгт координатын хавтгай",L90,Шугаман тэгшитгэлийн график,"y=kx хэлбэрийн хоёр хувьсагчтай шугаман тэгшитгэлийг үнэн байлгадаг (x,y) хосуудыг хамаарлын тэгшитгэл ашиглан олж, уг хос тоонуудыг координатын хавтгай дээр байгуулах замаар тэгшитгэлийн графикийг байгуулж сурах, тэгшитгэлийн график гэж юу болохыг ойлгох"
Математик,6-р анги,"Функцэн машин, тэгш өнцөгт координатын хавтгай",L91,Шулууны тэгшитгэл,"Координатын эхийг дайрсан шулууны дээр орших цэгүүдийн координатуудын хамаарлыг олж,  тэгшитгэлийг бичиж сурах, хялбар асуудал шийдвэрлэх"
Математик,6-р анги,"Функцэн машин, тэгш өнцөгт координатын хавтгай",L92,Бодлого дасгал (Шулууны тэгшитгэл),"Өгсөн координаттай цэг шулуун (y=kx) дээр орших эсэхийг шулууны тэгшитгэлд орлуулж, тогтоох, шалгах"
Математик,6-р анги,"Функцэн машин, тэгш өнцөгт координатын хавтгай",L93,"ҮНЭЛГЭЭ-Алгебрын илэрхийлэл, тэгшитгэл","Сурагчид нэгж хичээлээр олж авсан мэдлэг, чадвараа үнэлэх"
Математик,6-р анги,"Хэмжих, зурах, гурвалжны тэнцэтгэл биш",L94,"Цэг, шулуун, хэрчим, цацраг","Эргэн тойронд байгаа зүйлсийг хавтгайд зураг болгон загварчлахдаа  цэг, шулуун, хэрчим, цацраг, өнцгийг хэрэглэдэг гэдгийг ойлгож, эдгээрийг алдаагүй зурж, хэмжиж,  үсэг ашиглан тэмдэглэх, харилцан байршлыг харьяалагдах, агуулагдах, үл орших, үл харьяалагдах, тэнцүү гэх мэтээр тодорхойлж, тэмдэглэж сурах"
Математик,6-р анги,"Хэмжих, зурах, гурвалжны тэнцэтгэл биш",L95,Геометр байгуулалт,"Транспортир, хуваарьтай шугам ашиглан өгсөн зураг дээрх хэрчим, өнцгийг хэмжих, өгсөн хэмжээтэй өнцөг, хэрчим, цацраг зурах, цэг, шулуун, хэрчим, цацраг байгуулж дүрс, хээ зурах, зохиомжлох, математик тэмдэглэгээг уншиж ойлгоод зураг болгон буулгах"
Математик,6-р анги,"Хэмжих, зурах, гурвалжны тэнцэтгэл биш",L96,"Перпендикуляр, параллел шулуунууд","Амьдралд хамгийн түгээмэл байдаг жишээн дээр тулгуурлан перпендикуляр, параллел шулууны тухай ойлголтоо сэргээн бататгаж, гурвалжин шугам ашиглан өгсөн шулуунтай  перпендикуляр, параллел шулуун байгуулж сурах"
Математик,6-р анги,"Хэмжих, зурах, гурвалжны тэнцэтгэл биш",L97,Бүтээлч дасгал (Байгуулалт),"Хэрчим, цацраг, өнцөг, перпендикуляр, парллел шулуун байгуулах чадвараа бататгаж сонирхолтой хээ, зураг зурах, бодит зургаас параллел, перпендикуляр шулууныг ялгаж таних,  зурж дүрслэх чадвартай болно. "
Математик,6-р анги,"Хэмжих, зурах, гурвалжны тэнцэтгэл биш",L98,Өнцөг,"Өмнөх ангид үзсэн тэгш, мохоо, хурц, дэлгэмэл өнцгийн тухай ойлголт, төсөөлөл  дээр тулгуурлан  яагаад өнцөг гэсэн ойлголтыг хэрэглэдэг,  өнцөг хэмжих нэгж (градус), гүйцэд  өнцгийн талаар сонирхолтой жишээ, дасгал ажиллан ойлгож, транспортир ашиглан дурын өнцгийг хэмжих, байгуулах чадвартай болно."
Математик,6-р анги,"Хэмжих, зурах, гурвалжны тэнцэтгэл биш",L99,Хамар ба босоо өнцөг,"Дэлгэмэл өнцгийн хэмжээ 180 градус байдгийг ашиглан хамар ба босоо өнцгүүд, тэдгээрийн  чанарыг ойлгох, математик болон практик асуудал шийдвэрлэхэд хэрэглэх"
Математик,6-р анги,"Хэмжих, зурах, гурвалжны тэнцэтгэл биш",L100,Бодлого дасгал (Хамар ба босоо өнцөг),"Төрөл бүрийн сонирхолтой бодлого дасгал ажиллаж хамар ба босоо өнцгийн чанарыг хэрэглэж сурах, практик болон математик асуудал шийдвэрлэх"
Математик,6-р анги,"Хэмжих, зурах, гурвалжны тэнцэтгэл биш",L101,Гурвалжин ,"Гурвалжин шугам (миллиметрийн нарийвчлалтай) шугам, транспортир ашиглан өгсөн хэмжээ бүхий хэрчим, өнцөг (хурц, мохоо, тэгш, 180 градусаас их өнцөг) байгуулах  чадвараа бататгаж, өгсөн хэмжээ бүхий гурвалжныг алдаагүй зурах, өгсөн хэмжээс бүхий дан эсвэл  нийлмэл гурвалжнуудаар дүрс, хээ зурах, зохиомжлох замаар ижил хэмжээтэй дүрсийг янз бүрийн байрлалд зурахад (параллел зөөлт, эргүүлэлт, толин ойлт хийх ) шинж чанар нь хадгалагддаг болохыг ойлгох "
Математик,6-р анги,"Хэмжих, зурах, гурвалжны тэнцэтгэл биш",L102,Гурвалжны тэнцэтгэл биш,"Туршилт хийх замаар гурвалжны тэнцэтгэл бишийг ойлгох, томьёолох, шалгах"
Математик,6-р анги,"Хэмжих, зурах, гурвалжны тэнцэтгэл биш",L103,"Бодлого дасгал (Гурвалжин, гурвалжны тэнцэтгэл биш)","Гурвалжны тэнцэтгэл бишийг хэрэглэж асуудал шийдвэрлэх, хэрэглээг ойлгох"
Математик,6-р анги,"Хэмжих, зурах, гурвалжны тэнцэтгэл биш",L104,"ҮНЭЛГЭЭ-Хэмжих, зурах, гурвалжны тэнцэтгэл биш","Сурагчид нэгж хичээлээр олж авсан мэдлэг, чадвараа үнэлэх"
Математик,6-р анги,Тойрог ба олон өнцөгт,L105,Олон өнцөгт,"Тахир шугам, битүү тахир шугам, олон өнцөгтийн диагональ, гүдгэр ба гүдгэр биш олон өнцөгтийг таньдаг, нэрлэдэг, олон өнцөгтийг тодорхой шинжээр нь ангилан зураг, схемээр дүрслэх"
Математик,6-р анги,Тойрог ба олон өнцөгт,L106,Гүдгэр олон өнцөгтийн дотоод өнцгүүдийн нийлбэр ,"Гурвалжны дотоод өнцгүүдийн нийлбэр 180 градус байдгийг сэргээн баталж, энэ чанарыг ашиглан гүдгэр 4, 5, 6 өнцөгтийн дотоод өнцгүүдийн нийлбэрийг олох, гүдгэр олон өнцөгтийн дотоод өнцгүүдийн нийлбэр олох аргыг ойлгох"
Математик,6-р анги,Тойрог ба олон өнцөгт,L107,Бодлого дасгал (олон өнцөгтийн дотоод өнцгүүдийн нийлбэр),"Олон өнцөгтийн дотоод өнцгүүдийн нийлбэрийн чанар ашиглан асуудал шийдвэрлэх сонирхолтой дасгал ажиллаж мэдлэг, чадвараа бататгах"
Математик,6-р анги,Тойрог ба олон өнцөгт,L108,Квадрат ба тэгш өнцөгт,"Бага ангид үзсэн дөрвөн өнцөгт, зөв ба зөв биш олон өнцөгтийн талаарх анхны ойлголт, мэдлэг, чадварыг бататган квадрат ба тэгш өнцөгтийг зурах, хэмжих, ажиглах явцдаа шинж чанаруудыг тодорхойлох, асуудал шийдвэрлэх"
Математик,6-р анги,Тойрог ба олон өнцөгт,L109,Параллелограмм ба ромбо,"Хэмжих, зурах талаар өмнөх мэдлэг, чадвараа бататган параллелограмм ба ромбыг зурах, хэмжих, ажиглах явцдаа шинж чанаруудыг тодорхойлох, математик тэмдэглэгээг хэрэглэх,  асуудал шийдвэрлэх"
Математик,6-р анги,Тойрог ба олон өнцөгт,L110,Трапец,"Трапецыг зурах, хэмжих, ажиглах явцдаа шинж чанаруудыг тодорхойлох, математик тэмдэглэгээг хэрэглэх, өмнө үзсэн гүдгэр дөрвөн өнцөгтүүдтэй харьцуулан онцлог шинжийг тодорхойлох "
Математик,6-р анги,Тойрог ба олон өнцөгт,L111,Бодлого дасгал (Дөрвөн өнцөгтүүд),"Өмнөх хичээлүүдээр судалсан гүдгэр дөрвөн өнцөгтүүдийг тал, өнцгийн шинжүүдээр нь ангилж, дүгнэлт гаргах"
Математик,6-р анги,Тойрог ба олон өнцөгт,L112,Тойрог ба дугуй,"Хавтгайн нэг цэгээс ижил зайд орших цэгүүдийг байгуулах замаар тойрог, тойргийн радиус, тойргоор хашигдсан (өгсөн цэгээс радиусаас ихгүй зайд орших цэгүүдийн олонлогийг) хавтгайн хэсгийг дугуй гэж нэрлэдгийг мэдэх, ойлгох, өгсөн радиустай тойрог байгуулах, сонирхолтой дадлага  ажил хийх явцдаа тойргийн элементүүдийг таньж, шинж чанарыг ойлгож, нэрлэж, бичиж, байгуулж, тэмдэглэж сурах"
Математик,6-р анги,Тойрог ба олон өнцөгт,L113,Хавтгайн дүрсүүд,"Тойрог болон бусад дүрсүүд дангаар нь болон хослуулан ашиглаж шинэ хээ, зураг дүрслэл зохиох, сонирхолтой  зураг дүрслэл, хээг ажиглах замаар тойрог болон бусад дүрсүүдийг байгуулж сурах, шинж чанарыг  танин мэдэх, бүтээл хийх"
Математик,6-р анги,Тойрог ба олон өнцөгт,L114,ҮНЭЛГЭЭ-Тойрог ба олон өнцөгт,"Сурагчид нэгж хичээлээр олж авсан мэдлэг, чадвараа үнэлэх"
Математик,6-р анги,Биетүүд,L115,Куб ба тэгш өнцөгт параллелепипед,"Куб, тэгш өнцөгт параллелепипедийг зурах, ялгаатай дэлгээсүүд зохиох (дэлгээсийг ялган таних ), нийлмэл биет үүсгэх зэрэг бүтээлч дасгал ажиллаж,  орой, ирмэг, талсын тоо, ялгаатай болон ижил шинж чанаруудыг тодорхойлох"
Математик,6-р анги,Биетүүд,L116,Призм ба пирамид,"Призм, пирамидыг изометр цаас хэрэглэн зурах, эдгээрийн суурь, хажуу талсыг таних, нэрлэх, зурах зэрэг бүтээлч дасгал ажиллаж,  орой, ирмэг, талсын тоог харьцуулан биет бүрийн онцлог болон нийтлэг шинж чанаруудыг тодорхойлох"
Математик,6-р анги,Биетүүд,L117,"Цилиндр, бөмбөрцөг, конус","Цилиндр, конус, бөмбөрцгийг зурах, бүтээх (төмөр утас, баримлын шавраар хийх гэх мэт),  ахуй амьдрал дахь загварыг хэрэглэн хавтгайд дүрслэн зурах зэргээр эдгээр биетийн ижил болон ялгаатай шинжийг тодорхойлох "
Математик,6-р анги,Биетүүд,L118,Огторгуйн биетүүд,"Өмнөх хичээлүүдээр судалсан биетүүдийг зурах, хялбар нийлмэл биет бүтээх,, амьдрал дахь бодит загваруудыг хялбар биетүүдээр загварчлан зурах (гараар болон мэдээллийн технологи ашиглан)  зэрэг  бүтээлч даалгавар ажиллаж огторгуйн биетүүдийн шинж чанарыг танин мэдэх, бүтээл хийх"
Математик,6-р анги,Биетүүд,L119,ҮНЭЛГЭЭ-Биетүүд,"Сурагчид нэгж хичээлээр олж авсан мэдлэг, чадвараа үнэлэх"
,,Хавтгай дахь дүрсийн хувиргалт ,L120,Тэгш өнцөгт координатын хавтгай,"Тэгш өнцөгт координатын системийн (координатын эх, нэгж хэрчим, координатын тэнхлэгүүд, мөч) талаарх өмнөх ойлголтыг сэргээн бататгаад, коодинатын хавтгайд бүхэл тоон координаттай цэг байгуулах,  тэмдэглэх,  өгсөн цэгийн координатыг бичих, өгсөн цэгүүдээс кординатын тэнхлэгийн хувьд, мөн координатын эхийн хувьд тэгш хэмтэй цэгүүдийг олох, нэмж тэмдэглэх гэх мэт координатын хавтгайн талаар системтэй мэдлэг, чадвар эзэмших "
Математик,6-р анги,Хавтгай дахь дүрсийн хувиргалт ,L121,Координатын хавтгайд дүрс байгуулах,"Координатын хавтгайд бүхэл тоон координаттай цэгүүдийг тэмдэглэн хооронд нь холбож дүрс байгуулах, координатын хавтгайд өгсөн хялбар дүрсийн оройн цэгүүдийн координатуудыг олох, тэмдэглэж бичих, сонирхолтой дасгал, даалгавар (тоглоом) ажиллах явцдаа координатын эхийн болон тэнхлэгийн хувьд тэгш хэмтэй цэгүүдийн координатууд хоорондоо ямар хамааралтай байгааг ажиглаж, дүгнэлт гаргах "
Математик,6-р анги,Хавтгай дахь дүрсийн хувиргалт ,L122,Тэгш хэмт дүрс,"Байгаль дахь сонирхолтой тогтоц болон тэгш хэмт чанар ашиглан хүний гараар хийсэн бүтээлүүдийг ажиглах, хэмжилт хийх, туршилт хийх  замаар дүрсийн тэгш хэмт чанарыг (тэнхлэгийн, төвийн) ойлгох,  тэгш хэмийн тэнхлэг болон төвийг байгуулах, тэгш хэмтэй (тэнхлэгийн, төвийн) дүрсүүдийг таних, хялбар дүрсүүдийг тэгш хэмт чанараар нь ангилах, тэгш хэм ашиглан хялбар байгуулалт хийж дүрс, хээ зурах,"
Математик,6-р анги,Хавтгай дахь дүрсийн хувиргалт ,L123,Параллел зөөлт,"Амьдрал дахь хялбар шилжилт хөдөлгөөнийг координатын хавтгай дээр загварчлан дүрсэлж (координатын хавтгайд дүрс байгуулж), шилжилт хөдөлгөөний чиглэл, зайг координатаар илэрхийлж болох ба хувиргалтаар дүрсийн хэлбэр хэмжээ хадгалагддаг болохыг хэмжилт хийх нугалах, хайчлах зэрэг практик аргаар нотлох, координатын хавтгайд өгсөн дүрсийг параллел зөөлтөөр хувиргахад цэгийн координат хэрхэн өөрчлөгдөж байгааг ажиглаж, өгсөн дүрсийг өгсөн   координатаар (чиглэлд) хувирган зурах  чадвартай болох"
Математик,6-р анги,Хавтгай дахь дүрсийн хувиргалт ,L124,Тэнхлэгийн тэгш хэмийн хувиргалт ,"Тэнхлэгийн тэгш хэмтэй дүрсийн чанарыг ашиглан хавтгайн цэг ба дүрсийг өгсөн шулууны хувьд тэгш хэмтэй хувиргаж сурах, хувиргалтаар хэрчмийн урт, өнцгийн хэмжээ, параллел чанар (дүрсийн хэлбэр, хэмжээ) хадгалагддаг болохыг хэмжилт хийх, нугалах, хайчлах зэрэг практик аргаар нотлох, координатын тэнхлэгүүдийн хувьд тэгш хэмтэй хувиргалт хийхэд үүсэн дүрийн координат нь эх дүрсийн координаттай ямар хамааралтай байгааг ажиглаж дүгнэлт хийх, тэнхлэгийн тэгш хэмийн хувиргалтын амьдрал дахь жишээн дээр ярилцаж хэрэглээг ойлгох"
Математик,6-р анги,Хавтгай дахь дүрсийн хувиргалт ,L125,Төвийн тэгш хэмийн хувиргалт,"Төвийн тэнг хэмтэй дүрсийн чанар ашиглан хавтгайн цэг ба дүрсийг өгсөн цэгийн хувьд тэгш хэмтэй хувиргах, хувиргалтаар хэрчмийн урт, өнцгийн хэмжээ, параллел чанар (дүрсийн хэлбэр, хэмжээ)  хадгалагддаг болохыг хэмжилт хийх, нугалах, хайчлах зэрэг практик аргаар нотлох, координатын эхний хувьд тэгш хэмтэй хувиргалт хийхэд үүсэн дүрийн координат нь эх дүрсийн координаттай ямар хамааралтай байгааг ажиглаж дүгнэлт хийх, төвийн тэгш хэмийн хувиргалтын амьдрал дахь жишээн дээр ярилцаж хэрэглээг ойлгох"
Математик,6-р анги,Хавтгай дахь дүрсийн хувиргалт ,L126,Бодлого дасгал (хувиргалтууд),"Дүрсийг параллел зөөлт, тэнхлэгийн болон төвийн тэгш хэмээр хувиргах дасгал ажиллаж хувиргалт бүрийн онцлог, ялгаатай болон ижил талуудыг мэдэх"
Математик,6-р анги,Хавтгай дахь дүрсийн хувиргалт ,L127,Хавтгай дахь дүрсийн хувиргалтын хэрэглээ,"Дүрсийн хувиргалт (параллел заалт, тэнхлэгийн тэнг хэм, төвийн тэгш хэм) ашиглан шинэ бүтээл (хээ, зураг төсөл) хийх, байгалийн тогтоц, хүний гараар бүтээсэн эд зүйлс зэрэгт тэгш хэм хэрхэн оршиж байдгийг ажиглах, судлах зэрэг бүтээлч даалгавар гүйцэтгэж  хувиргалтын тухай ойлголтоо бататгах, хэрэглээг ойлгох, хэрэглэх"
Математик,6-р анги,Хавтгай дахь дүрсийн хувиргалт ,L128,ҮНЭЛГЭЭ-Хавтгай дахь дүрсийн хувиргалт ,"Сурагчид нэгж хичээлээр олж авсан мэдлэг, чадвараа үнэлэх"
Математик,6-р анги,"Урт, хүнд, багтаамж, хугацааг хэмжих нэгжүүд",L129,Багтаамжийг хэмжих нэгж,"Багтаамжийг хэмжих нэгжүүд, тэдгээрийн хамаарлыг сэргээн бататгаж, нэгж шилжүүлэх, аливаа зүйлийн эзлэхүүнийг хэмжих нэгжийг оновчтой сонгохтой холбоотой өдөр тутмын амьдралд тохиолддог жишээ, дасгал ажиллах, хэмжих нэгжийг оновчтой сонгож сурах"
Математик,6-р анги,"Урт, хүнд, багтаамж, хугацааг хэмжих нэгжүүд",L130,Уртыг хэмжих нэгж,"Уртыг хэмжих нэгжүүд, тэдгээрийн хамаарлыг сэргээн бататгаж, нэгж шилжүүлэх, аливаа зүйлийн уртыг хэмжих нэгжийг оновчтой сонгохтой холбоотой өдөр тутмын амьдралд тохиолддог жишээ, дасгал ажиллах, хэмжих нэгжийг оновчтой сонгож сурах"
Математик,6-р анги,"Урт, хүнд, багтаамж, хугацааг хэмжих нэгжүүд",L131,Хүндийг хэмжих нэгж,"Хүндийг хэмжих нэгжүүд, тэдгээрийн хамаарлыг сэргээн бататгаж, нэгж шилжүүлэх, аливаа зүйлийн жинг хэмжих нэгжийг оновчтой сонгохтой холбоотой өдөр тутмын амьдралд тохиолддог жишээ, дасгал ажиллах, хэмжих нэгжийг оновчтой сонгож сурах"
Математик,6-р анги,"Урт, хүнд, багтаамж, хугацааг хэмжих нэгжүүд",L132,Хэмжих нэгжээ оновчтой сонгох-Бодлого дасгал,"Их нэгжийг бага нэгжид, бага нэгжийг их нэгжид шилжүүлэх нийтлэг дүрмийг ойлгох, хэрэглэх,  нэгж шилжүүлэхтэй холбоотой өдөр тутмын амьдралд тохиолддог асуудлуудыг шийдэхдээ тохиромжтой нэгжийг сонгож хэрэглэх, нэгж  шилжүүлэх, тооцоолол хийхдээ математик арга техник хэрэглэх зэргээр шийдлийг хялбар аргаар олох аргад суралцах"
Математик,6-р анги,"Урт, хүнд, багтаамж, хугацааг хэмжих нэгжүүд",L133,"12 ба 24 цагийн систем, цагийн хуваарь","Хугацааг хэмжих, хугацааны нэгжүүдийн хамаарлыг мэдэх, нэгж шилжүүлэх, тохиромжтой нэгжийг сонгож хэрэглэх,  хугацааг энгийн бутархай, аравтын бутархайгаар зөв илэрхийлэх, 24 ба 12 цагийн системд өгсөн цагийг уншиж ойлгох, бичиж тэмдэглэх, үйл явдлын үргэлжлэх хугацааг тооцоолох, цагийн хуваарийг уншиж ойлгох, хуваарь зохиох гэх мэт өдөр тутамдаа болон тодорхой орчин, нөхцөлд цаг хугацааг зөв тооцоолох, хэрэглэх чадварт суралцах"
Математик,6-р анги,"Урт, хүнд, багтаамж, хугацааг хэмжих нэгжүүд",L134,Аналоги ба дижитал багаж,"Цаг хугацаа, багтаамж, урт, хүндийг хэмжих аналог ба дижитал багажийн хуваарийг ойлгох, хэрэглэх "
Математик,6-р анги,"Урт, хүнд, багтаамж, хугацааг хэмжих нэгжүүд",L135,"ҮНЭЛГЭЭ-Урт, хүнд, багтаамж, хугацааг хэмжих нэгжүүд","Сурагчид нэгж хичээлээр олж авсан мэдлэг, чадвараа үнэлэх"
Математик,6-р анги,"Тэгш өнцөгт ба нийлмэл дүрсийн талбай, периметр",L136,Талбайг хэмжих нэгж,"Талбайг хэмжих нэгжүүдийг сэргээн бататгаж, талбайг хэмжихдээ яагаад ""квадрат""-аар илэрхийлдгийг ойлгох, нэгжүүдийн хоорондын холбоо хамаарлыг мэдэх, хэрэглэх, их бага нэгжийг хооронд нь шилжүүлэх, талбай олохтой холбоотой асуудал шийдвэрлэх"
Математик,6-р анги,"Тэгш өнцөгт ба нийлмэл дүрсийн талбай, периметр",L137,Тэгш өнцөгтийн периметр ба талбай,"Тэгш өнцөгтийн онцлог шинжийг ашиглан периметр, талбай олох томьёоны гаргалгаа хийх, ойлгох, тэгш өнцөгт гурвалжны талбайг олох, хавтгайн хялбар дүрсүүдийн талбайг тэгш өнцөгт, тэгш өнцөгт гурвалжнуудад хуваах замаар тооцоолж олох, практик болон математик асуудал шийдвэрлэх"
Математик,6-р анги,"Тэгш өнцөгт ба нийлмэл дүрсийн талбай, периметр",L138,Нийлмэл дүрсийн талбай,"Тэгш өнцөгтүүдээс тогтсон нийлмэл дүрсийн талбай, периметрийг олох янзын аргаар олох, дүрсийн талбай олох, нэгж шилжүүлэх, тохиромжтой нэгжийг сонгож хэрэглэх асуудал шийдвэрлэх "
Математик,6-р анги,"Тэгш өнцөгт ба нийлмэл дүрсийн талбай, периметр",L139,"Тэгш өнцөгтийн хэмжээ (урт, өргөн) ба талбай, периметрийн хамаарал","Тэгш өнцөгтийн аль нэг хэмжээсийг тодорхой тоо дахин ихэсгэхэд (багасгахад) периметр ба талбай хэрхэн өөрчлөгдөж байгааг туршилт хийж тогтоох, дүгнэлт гаргах, амьдралд тохиолддог сонирхолтой, асуудал шийдэх тооцоолол хийх"
Математик,6-р анги,"Тэгш өнцөгт ба нийлмэл дүрсийн талбай, периметр",L140,"ҮНЭЛГЭЭ-Тэгш өнцөгт ба нийлмэл дүрсийн талбай, периметр","Сурагчид нэгж хичээлээр олж авсан мэдлэг, чадвараа үнэлэх"
Математик,6-р анги,"Тэгш өнцөгт параллелепипедийн гадаргуугийн талбай, эзлэхүүн",L141,Гадаргуугийн талбай,"Биетийн гадаргуугийн талбай гэсэн ойлголтыг тэгш өнцөгт параллелепипедийн дэлгээсийн талбайг олох замаар ойлгох, куб болон тэгш өнцөгт параллелепипедийн дэлгээсийн ялгаатай хувилбаруудыг олох, гадаргуугийн талбайг тооцоолох ерөнхий томьёоны гаргалгаа хийх, томьёо ашиглан асуудал шийдвэрлэх"
Математик,6-р анги,"Тэгш өнцөгт параллелепипедийн гадаргуугийн талбай, эзлэхүүн",L142,Эзлэхүүн,"Нэгж кубүүдээр тэгш өнцөгт параллелепипед үүсгэж биетийн эзлэхүүн, түүний хэмжих нэгжийн тухай ойлголттой болох, тэгш өнцөгт параллелепипедийн эзлэхүүн олох томьёоны гаргалгаа хийх, томьёог ашиглаж асуудал шийдвэрлэх"
Математик,6-р анги,"Тэгш өнцөгт параллелепипедийн гадаргуугийн талбай, эзлэхүүн",L143,Бодлого дасгал (Тэгш өнцөгт параллелепипедийн эзлэхүүн ба гадаргуугийн талбай),"Тэгш өнцөгт параллелепипедийн эзлэхүүн ба гадаргуугийн талбай олохтой холбоотой практик асуудал шийдвэрлэх, ялгаатай нэгжээр хэмжээсүүд нь өгөгдсөн параллелепипедийн эзлэхүүн, гадаргуугийн талбайг олох, нийлмэл биетийн эзлэхүүн, гадаргуугийн талбайг олох гэх мэт асуудал шийдвэрлэх сонирхолтой бодлого дасгал ажиллаж мэдлэг чадвараа бататгах"
Математик,6-р анги,"Тэгш өнцөгт параллелепипедийн гадаргуугийн талбай, эзлэхүүн",L144,"ҮНЭЛГЭЭ-Урт, хүнд, багтаамж, хугацааг хэмжих нэгжүүд","Сурагчид нэгж хичээлээр олж авсан мэдлэг, чадвараа үнэлэх"
Математик,6-р анги,"Өгөгдөл цуглуулах, дүрслэх",L145,Өгөгдөл цуглуулах арга,"Өдөр тутамд тохиолддог хялбар асуудал (үзэгдэл)-ыг сонгон авч, илэрсэн үзэгдлийг  (туршилтын үр дүнг ) давтамжийн хүснэгтэд бүртгэж, үр дүнг нэгтгэх, цуглуулсан тоон мэдээллийг нэгтгэж дүгнэлт гаргах явцдаа мэдээлэл цуглуулах, туршилтын үр дүнг хялбар аргаар, алдаагүй бүртгэх аргад суралцах"
Математик,6-р анги,"Өгөгдөл цуглуулах, дүрслэх",L146,Баганан диаграмм ба пиктограмм,"Өгөгдлийг баганан диаграмм ба пиктограммаар дүрслэх, харилцан шилжүүлэх, баганан диаграмм болон гистограммаар дүрсэлсэн мэдээллийг уншиж ойлгох, тайлбарлах, дүгнэлт гаргах, ямар тохиолдолд аль хэлбэрийг сонгох нь тохиромжтой байдгийг жишээ дасгал ажиллаж ойлгох"
Математик,6-р анги,"Өгөгдөл цуглуулах, дүрслэх",L147,Дугуй диаграмм,"Дугуй диаграммаар дүрсэлсэн мэдээллийг уншиж, ойлгох, тайлбарлах, дүгнэлт гаргах, дугуй диаграмм байгуулах (өгөгдлийн тоо, хэмжээ нь 360°-ийн хуваагч, хуваагдагч байх, эсвэл хялбар процентоор илэрхийлэгддэг тохиолдолд), өгсөн загвараар дугуй диаграмм  байгуулах, дугуй диаграммын онцлог, ямар тохиолдолд өгөгдлийг дугуй диаграммаар дүрслэх нь тохиромжтой байдгийг сонирхолтой жишээ дасгал ажиллах явцад ойлгох"
Математик,6-р анги,"Өгөгдөл цуглуулах, дүрслэх",L148,Шугаман график,"Шугаман графикаар дүрслэгдсэн өдөр тутамд тохиолддог, сонирхолтой, хэрэгцээтэй  мэдээллийг уншиж ойлгох, дүгнэлт гаргах,  шугаман графикийн онцлогийг ойлгох, ямар мэдээллийг шугаман графикаар дүрслэх нь тохиромжтой/тохиромжгүй болохыг эргэцүүлэн бодож дүгнэлт хийх"
Математик,6-р анги,"Өгөгдөл цуглуулах, дүрслэх",L149,Өгөгдлийг дүрслэх хэлбэрүүд,"Өдөр тутамд тохиолддог, сонирхолтой, хэрэгцээтэй асуудлын талаар тоон мэдээлэл цуглуулж, цуглуулсан мэдээллээ нэгтгэн, хүмүүст ойлгомжтой байдлаар график диаграммаар дүрсэлж (тохиромжтой хэлбэрийг сонгон) дүгнэлт гаргах, тайлбарлах "
Математик,6-р анги,"Өгөгдөл цуглуулах, дүрслэх",L150,"ҮНЭЛГЭЭ-Өгөгдөл цуглуулах, дүрслэх","Сурагчид нэгж хичээлээр олж авсан мэдлэг, чадвараа үнэлэх"
Математик,6-р анги,"Дунджууд ба далайц, баганан диаграммуудыг харьцуулан дүгнэлт гаргах",L151,Дунджууд ба далайц,"Бодит туршилт хийж мэдээлэл цуглуулсан, эсвэл бэлэн цуглуулсан өгөгдлийн  дунджууд болон далайцыг  олж дүгнэлт гаргаж, дунджууд нь дүгнэлт хийхэд ямар үүрэг, ач холбогдолтой болохыг ойлгох,  түүврийг эрэмбэлэх аргаар моод, медианыг, давтамжийн хүснэгт ашиглан арифметик дунджийг  хялбараар олох, өгөгдлийг бүлэглэх,  бүлэглэхийн ач холбогдлыг ойлгох"
Математик,6-р анги,"Дунджууд ба далайц, баганан диаграммуудыг харьцуулан дүгнэлт гаргах",L152,"График, диаграмм, хүснэгтээс дунджууд, далайцыг олох","Хүснэгт, график, диаграммаар өгөгдсөн бодит мэдээллийг уншиж ойлгох, дунджууд болон далайц олох, тайлбарлах"
Математик,6-р анги,"Дунджууд ба далайц, баганан диаграммуудыг харьцуулан дүгнэлт гаргах",L153,Бодлого дасгал (дунджууд ба далайж),"Ахуй амьдрал болон нийгмийн асуудлуудтай холбоотой хүснэгт, график, диаграммаар өгөгдсөн бодит мэдээллээс дунджууд болон далайцыг олж түүн дээр үндэслэн дүгнэлт хийх, тайлбарлах, өөр хэлбэрээр дүрслэх"
Математик,6-р анги,"Дунджууд ба далайц, баганан диаграммуудыг харьцуулан дүгнэлт гаргах",L154,"Өгөгдлүүдийг харьцуулах, дүгнэлт гаргах","Цуглуулсан өгөгдлүүдийн моод, медиан, арифметик дундаж, далайцыг олж харьцуулсан дүгнэлт гаргах, тайлбарлах"
Математик,6-р анги,"Дунджууд ба далайц, баганан диаграммуудыг харьцуулан дүгнэлт гаргах",L155,"Бодлого дасгал (график, диаграммаар өгөгдсөн мэдээллүүдийг харьцуулах)","Баганан диаграммаар өгөгдсөн нэг төрлийн мэдээллүүдийг моод, медиан, арифметик дундаж, далайцыг олж харьцуулсан дүгнэлт гаргах, тайлбарлах"
Математик,6-р анги,"Дунджууд ба далайц, баганан диаграммуудыг харьцуулан дүгнэлт гаргах",L156,"ҮНЭЛГЭЭ-Дунджууд ба далайц, баганан диаграммуудыг харьцуулан дүгнэлт гаргах","Сурагчид нэгж хичээлээр олж авсан мэдлэг, чадвараа үнэлэх"
Математик,6-р анги,"Тэнцүү боломжтой үзэгдлийн магадлал, магадлалын хэл",L157,Үзэгдэл ба эгэл үзэгдэл,"Ахуй амьдрал дахь энгийн, сонирхолтой туршилт хийж илэрч болох үр дүнгүүдийг тоочих, жагсаан бичих замаар туршилт, туршилтын үр дүн, эгэл үзэгдэл, үзэгдэл, боломж, боломжийн  тоо гэсэн ойлголттой танилцаж, аливаа үзэгдлийн илэрч болох боломж нь туршилтын үр дүн болохыг ойлгох, боломж тоолох хялбар бодлого бодох, асуудал шийдвэрлэх"
Математик,6-р анги,"Тэнцүү боломжтой үзэгдлийн магадлал, магадлалын хэл",L158,Үржвэр ба нийлбэрийн зарчим,"Боломж тоолох төрөл бүрийн бодлого бодох явцдаа тоолох ерөнхий зарчмыг илрүүлж, нийлбэрийн ба үржвэрийн дүрмийг томьёолох, ойлгох, дүрмүүдийг хэрэглэж хялбар асуудал шийдвэрлэх"
Математик,6-р анги,"Тэнцүү боломжтой үзэгдлийн магадлал, магадлалын хэл",L159,Бодлого дасгал (Үржвэр ба нийлбэрийн зарчим),"Нийлбэрийн ба үржвэрийн дүрмийг оновчтой хэрэглэж төрөл бүрийн сонирхолтой бодлого бодох, асуудал шийдвэрлэх"
Математик,6-р анги,"Тэнцүү боломжтой үзэгдлийн магадлал, магадлалын хэл",L160,Үзэгдлийн магадлал,"Өдөр тутамд тохиолддог үзэгдлүүдийн илрэх магадлалыг харьцуулан ярилцаж үзэгдлүүдийн илрэх магадлал нь харилцан адилгүй байдгийг ойлгох, боломжгүй, боломж багатай, боломж ихтэй, гарцаагүй гэх мэт хэллэгүүдийн утгыг ойлгох, энгийн туршилтын үр дүнг урьдчилан таамаглах, туршилтын үр дүнг бүртгэн таамаглал хэр бодитой байсан эсэхийг дүгнэн ярилцах замаар үзэгдлийн магадлалыг тооцоолохдоо тухайн үзэгдлийг туршилтын ямар нэг үр дүн гэж сэтгээд математик загварт оруулан илрэх магадлалыг тооцоолдгийг ойлгох, яагаад магадлал тооцох хэрэгтэй вэ? гэдийг эргэцүүлэн бодож дүгнэлт гаргах"
Математик,6-р анги,"Тэнцүү боломжтой үзэгдлийн магадлал, магадлалын хэл",L161,Магадлалын тоон утга,"Тэнцүү боломжтой үр дүн  бүхий хялбар  туршилтын хувьд сонирхож байгаа үзэгдэл (ивээгч үзэгдэл)-ийн тоо нь туршилтаар илэрч болох бүх эгэл үзэгдлийн тооны ямар хэсэг болохыг олж үзэгдлийн магадлалын тоон утгыг тооцоолох, магадлалын тоон утга 0-оос 1-ийн хооронд байдгийг ойлгох,  тоон шулуун дээр дүрслэн харуулах,  магадлалыг тооцоолох хялбар бодлого бодох"
Математик,6-р анги,"Тэнцүү боломжтой үзэгдлийн магадлал, магадлалын хэл",L162,Тэнцүү биш боломжтой үр дүн бүхий туршилт,"Тэнцүү биш боломжтой үр дүн бүхий туршилт (үзэгдэл)-ын хувьд магадлалын тоон утгыг шууд тооцоолоход хүндрэлтэй байдгийг туршилт хийх (Жишээ нь шагай орхих) замаар ойлгох, тэнцүү боломжтой үр дүн бүхий үзэгдлийн хувьд ч тэнцүү биш боломжтой болоход маш амархан байдгийг жишээ туршилт хийж ойлгох, амьдрал дахь сонирхолтой жишээ, тохиолдлуудын учир шалтгааныг илрүүлэн, үр дагаврыг дүгнэн ярилцаж магадлал тооцохын ач холбогдлыг ойлгох"
Математик,6-р анги,"Тэнцүү боломжтой үзэгдлийн магадлал, магадлалын хэл",L163,Магадлалын хэл,"Магадлал тооцоолох хялбар бодлогуудыг бодохдоо математик хэллэг, бичиглэл ашиглан магадлалыг бичиж тэмдэглэх, уншиж ойлгох, ярих, тоон шулуун дээр магадлалын тоон утгыг тэмдэглэж гарцаагүй, боломж ихтэй, тэнцүү боломжтой, боломж багатай, боломжгүй үзэгдлийг ялган таних, математик хэлээр алдаагүй зөв харилцаж сурах, магадлал олох аргад суралцах"
Математик,6-р анги,"Тэнцүү боломжтой үзэгдлийн магадлал, магадлалын хэл",L164,Бодлого дасгал (Магадлал),"Амьдрал ахуйн болон математикийн төрөл бүрийн сонирхолтой асуудал шийдэх бодлого, дасгал ажиллах явцдаа ивээгч үзэгдлийн тоог үржвэрийн болон нийлбэрийн дүрэм ашиглан тооцоолох, магадлалыг  хялбар аргаар олох, магадлал ашиглан асуудал шийдвэрлэх аргад суралцах, ач холбогдлыг ойлгох"
Математик,6-р анги,"Тэнцүү боломжтой үзэгдлийн магадлал, магадлалын хэл",L165,"ҮНЭЛГЭЭ-Тэнцүү боломжтой үзэгдлийн магадлал, магадлалын хэл","Сурагчид нэгж хичээлээр олж авсан мэдлэг, чадвараа үнэлэх"
,Нэгж,22,,Ээлжит,165
